{"cameraMode":{"drawMode":0,"name":"Shaded","section":"Shading Mode"},"sceneLighting":true,"audioPlay":false,"sceneViewState":{"showFog":true,"showMaterialUpdate":false,"showSkybox":false,"showFlares":true,"showImageEffects":true,"showParticleSystems":true},"in2DMode":false,"pivot":{"x":4.3585333824157719,"y":-4.98143196105957,"z":-4.090422630310059},"rotation":{"x":-0.3885807693004608,"y":-0.4146728515625,"z":0.20200581848621369,"w":-0.7976751327514648},"size":10.966266632080079,"orthographic":false}