{"cameraMode":{"drawMode":0,"name":"Shaded","section":"Shading Mode"},"sceneLighting":false,"audioPlay":false,"sceneViewState":{"showFog":true,"showMaterialUpdate":false,"showSkybox":false,"showFlares":true,"showImageEffects":true,"showParticleSystems":true},"in2DMode":false,"pivot":{"x":6.441732883453369,"y":-5.210289001464844,"z":7.7920989990234379},"rotation":{"x":-0.5441368222236633,"y":0.15422563254833222,"z":-0.10254877060651779,"w":-0.8183163404464722},"size":7.2152204513549809,"orthographic":false}