{"cameraMode":{"drawMode":0,"name":"Shaded","section":"Shading Mode"},"sceneLighting":true,"audioPlay":false,"sceneViewState":{"showFog":true,"showMaterialUpdate":false,"showSkybox":true,"showFlares":true,"showImageEffects":true,"showParticleSystems":true},"in2DMode":false,"pivot":{"x":-0.4593864381313324,"y":0.5116937160491943,"z":-2.603919506072998},"rotation":{"x":-0.2905336320400238,"y":-0.07856066524982453,"z":0.023944728076457979,"w":-0.9533519148826599},"size":4.432222366333008,"orthographic":false}