{"cameraMode":{"drawMode":0,"name":"Shaded","section":"Shading Mode"},"sceneLighting":true,"audioPlay":false,"sceneViewState":{"showFog":true,"showMaterialUpdate":false,"showSkybox":true,"showFlares":true,"showImageEffects":true,"showParticleSystems":true},"in2DMode":false,"pivot":{"x":9.17734432220459,"y":3.005152702331543,"z":-168.90066528320313},"rotation":{"x":-0.39694562554359438,"y":0.022573253139853479,"z":-0.009764921851456166,"w":-0.9175348877906799},"size":6.441325664520264,"orthographic":false}