{"cameraMode":{"drawMode":0,"name":"Shaded","section":"Shading Mode"},"sceneLighting":false,"audioPlay":false,"sceneViewState":{"showFog":true,"showMaterialUpdate":false,"showSkybox":false,"showFlares":true,"showImageEffects":true,"showParticleSystems":true},"in2DMode":false,"pivot":{"x":0.0,"y":0.93492591381073,"z":0.2936100959777832},"rotation":{"x":-0.25397664308547976,"y":-0.01278508361428976,"z":0.0033581899479031564,"w":-0.9671309590339661},"size":1.7417657375335694,"orthographic":false}