{"cameraMode":{"drawMode":0,"name":"Shaded","section":"Shading Mode"},"sceneLighting":true,"audioPlay":false,"sceneViewState":{"showFog":true,"showMaterialUpdate":false,"showSkybox":false,"showFlares":true,"showImageEffects":true,"showParticleSystems":true},"in2DMode":false,"pivot":{"x":0.0,"y":12.576990127563477,"z":-0.12497711181640625},"rotation":{"x":-0.39694562554359438,"y":0.022573253139853479,"z":-0.009764921851456166,"w":-0.9175348877906799},"size":30.310888290405275,"orthographic":false}