{"cameraMode":{"drawMode":0,"name":"Shaded","section":"Shading Mode"},"sceneLighting":true,"audioPlay":false,"sceneViewState":{"showFog":true,"showMaterialUpdate":false,"showSkybox":true,"showFlares":true,"showImageEffects":true,"showParticleSystems":true},"in2DMode":false,"pivot":{"x":-13.380037307739258,"y":5.513221740722656,"z":-61.29662322998047},"rotation":{"x":-0.3851414620876312,"y":0.12592065334320069,"z":-0.053128644824028018,"w":-0.9126998782157898},"size":52.89162063598633,"orthographic":false}