{"cameraMode":{"drawMode":0,"name":"Shaded","section":"Shading Mode"},"sceneLighting":false,"audioPlay":false,"sceneViewState":{"showFog":true,"showMaterialUpdate":false,"showSkybox":false,"showFlares":true,"showImageEffects":true,"showParticleSystems":true},"in2DMode":false,"pivot":{"x":-2.0686326026916506,"y":1.235215425491333,"z":1.22540283203125},"rotation":{"x":0.08301893621683121,"y":-0.24146567285060883,"z":0.020733989775180818,"w":0.9666299819946289},"size":3.922875165939331,"orthographic":false}