{"cameraMode":{"drawMode":0,"name":"Shaded","section":"Shading Mode"},"sceneLighting":false,"audioPlay":false,"sceneViewState":{"showFog":true,"showMaterialUpdate":false,"showSkybox":false,"showFlares":true,"showImageEffects":true,"showParticleSystems":true},"in2DMode":false,"pivot":{"x":-0.18922734260559083,"y":-0.2363109588623047,"z":-0.06252479553222656},"rotation":{"x":-0.07137122750282288,"y":0.9269717335700989,"z":-0.22996486723423005,"w":-0.28767192363739016},"size":5.249609470367432,"orthographic":false}