{"cameraMode":{"drawMode":0,"name":"Shaded","section":"Shading Mode"},"sceneLighting":false,"audioPlay":false,"sceneViewState":{"showFog":true,"showMaterialUpdate":false,"showSkybox":false,"showFlares":true,"showImageEffects":true,"showParticleSystems":true},"in2DMode":false,"pivot":{"x":0.10865390300750733,"y":0.8524084687232971,"z":-0.5428792834281921},"rotation":{"x":0.201341450214386,"y":-0.4103544056415558,"z":0.09339842945337296,"w":0.8845232725143433},"size":0.7722241282463074,"orthographic":false}