{"cameraMode":{"drawMode":0,"name":"Shaded","section":"Shading Mode"},"sceneLighting":false,"audioPlay":false,"sceneViewState":{"showFog":true,"showMaterialUpdate":false,"showSkybox":false,"showFlares":true,"showImageEffects":true,"showParticleSystems":true},"in2DMode":false,"pivot":{"x":0.06798526644706726,"y":2.166229009628296,"z":-0.17813372611999513},"rotation":{"x":-0.014085106551647187,"y":-0.9798767566680908,"z":0.18456517159938813,"w":-0.07479099184274674},"size":3.2038238048553469,"orthographic":false}