{"cameraMode":{"drawMode":0,"name":"Shaded","section":"Shading Mode"},"sceneLighting":false,"audioPlay":false,"sceneViewState":{"showFog":true,"showMaterialUpdate":false,"showSkybox":false,"showFlares":true,"showImageEffects":true,"showParticleSystems":true},"in2DMode":false,"pivot":{"x":0.9984930753707886,"y":1.0385308265686036,"z":0.5643458366394043},"rotation":{"x":0.3890368938446045,"y":0.06597092002630234,"z":-0.027948781847953798,"w":0.9184336066246033},"size":0.7474328279495239,"orthographic":false}