{"cameraMode":{"drawMode":0,"name":"Shaded","section":"Shading Mode"},"sceneLighting":false,"audioPlay":false,"sceneViewState":{"showFog":true,"showMaterialUpdate":false,"showSkybox":false,"showFlares":true,"showImageEffects":true,"showParticleSystems":true},"in2DMode":false,"pivot":{"x":0.0634765625,"y":-11.817642211914063,"z":-0.429473876953125},"rotation":{"x":0.12090490758419037,"y":0.6999363899230957,"z":-0.12207917124032974,"w":0.6932351589202881},"size":114.46572875976563,"orthographic":false}